{
  "accuracy": [
    0.4001370668411255,
    0.6737115979194641,
    0.7469846606254578,
    0.7832099795341492,
    0.8138431906700134,
    0.8339501023292542,
    0.8460115194320679,
    0.8562774062156677,
    0.8672149181365967,
    0.8751644492149353,
    0.8808113932609558,
    0.8840186595916748,
    0.8892681002616882,
    0.8924478888511658,
    0.8952576518058777,
    0.8994791507720947,
    0.901562511920929,
    0.9052494764328003,
    0.9100602865219116,
    0.9102933406829834,
    0.9120888113975525,
    0.9157346487045288,
    0.9158443212509155,
    0.9193256497383118,
    0.9184484481811523,
    0.9193256497383118,
    0.9198327660560608,
    0.9220942854881287,
    0.9154468178749084,
    0.9047834277153015,
    0.9103206992149353,
    0.9117735624313354,
    0.9126507639884949,
    0.9138432145118713,
    0.9164610505104065,
    0.9170641303062439,
    0.9189419150352478,
    0.9208059310913086,
    0.921916127204895,
    0.9223684072494507,
    0.9232456088066101,
    0.9236156940460205,
    0.9242324829101562,
    0.9241228103637695
  ],
  "loss": [
    2.2120275497436523,
    1.0510408878326416,
    0.8164334297180176,
    0.694654643535614,
    0.5981267690658569,
    0.5401111841201782,
    0.4989783465862274,
    0.46285706758499146,
    0.42543065547943115,
    0.40197664499282837,
    0.38488054275512695,
    0.3695537745952606,
    0.35231661796569824,
    0.34037265181541443,
    0.33446770906448364,
    0.31724464893341064,
    0.30991408228874207,
    0.299416720867157,
    0.28697851300239563,
    0.28489845991134644,
    0.281351774930954,
    0.26532265543937683,
    0.2672393321990967,
    0.2549697756767273,
    0.25725358724594116,
    0.2532682418823242,
    0.25242525339126587,
    0.24732281267642975,
    0.26594606041908264,
    0.29333382844924927,
    0.2823900580406189,
    0.27589431405067444,
    0.2738570272922516,
    0.2722926735877991,
    0.26429831981658936,
    0.26027941703796387,
    0.25439316034317017,
    0.25028732419013977,
    0.24425241351127625,
    0.24399784207344055,
    0.2413414865732193,
    0.2393282651901245,
    0.23862874507904053,
    0.23805129528045654
  ],
  "val_accuracy": [
    0.945120632648468,
    0.9633223414421082,
    0.9734649062156677,
    0.9802631735801697,
    0.972971498966217,
    0.9761512875556946,
    0.984649121761322,
    0.9836074709892273,
    0.9824013113975525,
    0.97664475440979,
    0.9854166507720947,
    0.9650219082832336,
    0.9700109362602234,
    0.9752741456031799,
    0.9788925647735596,
    0.965076744556427,
    0.9832785129547119,
    0.9734649062156677,
    0.9786732196807861,
    0.9824013113975525,
    0.9777412414550781,
    0.9797149300575256,
    0.9813048243522644,
    0.9795504212379456,
    0.9845394492149353,
    0.9806469082832336,
    0.97664475440979,
    0.9685855507850647,
    0.9368420839309692,
    0.9509320259094238,
    0.9802083373069763,
    0.8764802813529968,
    0.9337171316146851,
    0.9883772134780884,
    0.9665570259094238,
    0.937225878238678,
    0.972806990146637,
    0.9697368144989014,
    0.9739583134651184,
    0.9837719202041626,
    0.965350866317749,
    0.9704495668411255,
    0.956798255443573,
    0.9662280678749084
  ],
  "val_loss": [
    0.42850837111473083,
    0.23719412088394165,
    0.1671895831823349,
    0.14314588904380798,
    0.12118076533079147,
    0.1157844290137291,
    0.07660605758428574,
    0.08459744602441788,
    0.07059980183839798,
    0.1096479520201683,
    0.061960868537425995,
    0.11153367906808853,
    0.10016105324029922,
    0.08539509773254395,
    0.06689038127660751,
    0.10349828004837036,
    0.06016121059656143,
    0.07544054836034775,
    0.06454677879810333,
    0.06693866103887558,
    0.05833893641829491,
    0.060833487659692764,
    0.054569557309150696,
    0.06159427762031555,
    0.05338955298066139,
    0.0601809099316597,
    0.0683758482336998,
    0.09190953522920609,
    0.16636060178279877,
    0.1265750527381897,
    0.059739477932453156,
    0.3590756356716156,
    0.18265213072299957,
    0.03953194618225098,
    0.09708266705274582,
    0.1786070168018341,
    0.07962173223495483,
    0.08313723653554916,
    0.0766962394118309,
    0.0518118180334568,
    0.10069379210472107,
    0.08494072407484055,
    0.1225225180387497,
    0.09633782505989075
  ]
}