{
  "test_loss": 0.03281121328473091,
  "test_accuracy": 0.9912280440330505
}